"","sector","aislacion","calefactor","humedad","consumo","velocidad","temperatura"
"33470","sector3","NO",3.99023002944887,13.546737459835,26.6808336760892,20.2079023202253,2.2747516515758
"32738","sector3","NO",32.4351540191059,14.3500102831734,25.7418304082434,31.5493699824314,3.76854697169634
"2044","sector1","SI",35.7908450859951,10.2392188445335,8.05689264208766,35.4326298168902,5.50670478761501
"7817","sector3","NO",14.0873909396487,12.1629419945445,22.5641388743326,30.2597850742391,4.31261084686144
"16517","sector2","NO",6.94144357885134,14.1841415468211,27.0986218914434,28.5098133653334,-0.209532415813641
"9506","sector1","NO",2.93469609692693,17.9689003044781,31.9684507436249,26.5929722991502,2.81243331649297
"129","sector3","NO",16.4361751257422,15.017282141879,26.018452960618,25.7434454346899,4.18717922955965
"12260","sector2","NO",0.687277652323246,11.779060097686,23.4572452879331,26.2642332138083,-1.60212106265127
"8519","sector3","SI",1.62355123553425,10.7330387536873,9.40011166633925,42.7090016456322,5.1216052754335
"15409","sector2","SI",15.4143273712192,10.1837190446571,7.58196061040469,26.7699195349597,0.421495373714728
"24986","sector3","NO",1.90691796597093,14.0478628091817,24.9252129345506,28.7615977829383,3.00044591543485
"32189","sector3","NO",3.55055877828536,10.6349474169774,21.685163978428,22.7763910100648,4.13821728061307
"16235","sector2","NO",1.05850651711551,18.3515127760531,32.3917986142847,25.2333151633716,-1.13126339260697
"12572","sector2","NO",9.697315458199,12.6767233874998,22.9932195510936,31.2911085569357,0.286777712810133
"29837","sector2","NO",2.90306303921551,12.6511355905332,24.8098934411189,29.2484357933218,-0.170634433420587
"23010","sector1","NO",2.8339799772948,15.3674843031998,28.5142086955248,31.317440189039,4.05805360485022
"26507","sector1","SI",15.9741649209502,13.5497667888729,8.09928406271422,23.6834774210731,2.41904257886646
"31225","sector2","NO",15.2306917115095,16.1554349651152,28.803724450225,33.8971942032608,1.16280504681452
"31923","sector3","NO",1.86084116192139,14.2097185406389,24.8334909772732,35.7360415337749,5.3466051379076
"4845","sector1","NO",5.74768690392375,13.889763371481,25.9598257701543,23.5511433823846,1.83653150600451
"12051","sector3","SI",8.00299693305262,14.306726710331,8.42617857483594,25.7983805623792,3.25101728074185
"10066","sector3","NO",3.43298498075455,16.1637568818503,28.9014256066814,21.5760967864025,2.83257467571238
"15056","sector3","NO",5.63334348145872,15.8758017947144,29.3488610252117,26.160919217247,2.99841284289713
"14752","sector3","SI",8.68355942542878,14.6285722456683,11.5033889209722,22.0697955131907,1.28022013108579
"3705","sector2","SI",1.76220301073045,10.5880123620433,9.34035100751809,23.1730247869126,-2.82677936250456
"4901","sector2","NO",5.22515867371112,10.7032676193013,20.8709643610715,24.338182798241,1.48094207331267
"33663","sector2","NO",0.718758329749107,15.6211881617171,29.268549120716,22.603501736459,-0.343398399961953
"7756","sector3","NO",1.95085532326258,13.134810286382,25.7610399823973,25.3165598873242,1.78578539297189
"15697","sector3","SI",24.7337440947506,16.95175919015,10.074539701906,37.0247529581232,3.80760284909088
"15760","sector2","SI",12.8799390509249,16.6663984695253,11.3513367949699,24.2793692963052,0.715469589084511
"17523","sector3","NO",1.2243043407453,13.4330781040101,24.686819713691,25.1728377187335,2.8378080246531
"2439","sector1","NO",20.1256487557241,11.2061552494226,21.7486736400732,22.8291052338607,2.50809486618899
"21744","sector3","NO",39.2430747093117,14.4113150329182,25.333522470466,19.7775898301139,-0.0918948232265939
"6858","sector3","NO",11.2495115115763,18.0697486186016,34.2893598581662,26.270648511347,2.43633500972143
"20541","sector1","NO",2.64402109198272,16.1939147651465,30.5034030793367,40.8185855398533,6.10872718842185
"31612","sector3","NO",29.9217002822046,18.8617295514157,33.7807974361892,30.1349547929091,2.1871255246564
"20944","sector3","NO",11.6149065359951,19.4847922205532,33.8741093496607,29.7463665436259,2.78008292760989
"9129","sector1","NO",39.2266779185689,14.7695064062494,26.7586390079549,29.2187195310006,2.64733927360558
"7888","sector3","SI",11.8051327108861,12.7281986750279,10.5340832178437,25.0114947420641,2.43980966504095
"9073","sector3","NO",2.35394012648612,14.1151417917602,27.1875094929518,31.9202545442428,4.4684208855826
"25288","sector1","NO",25.6745225737307,11.5047363065126,22.8856966993086,39.3157448893145,5.02788101224187
"3150","sector2","SI",4.62321718689054,11.7260061049898,8.56817891399708,21.9664337598557,-2.31232657318947
"15036","sector3","SI",33.1683655066376,13.4098484247845,10.4484743642728,29.2494383551385,4.52277800522791
"7211","sector3","SI",3.01307929679751,15.1065010060552,10.3657963686118,24.3768534122744,2.19177639976063
"14689","sector2","NO",5.30941788572818,14.9473307226765,28.2554899044035,26.4165206488992,-1.22634771552451
"13844","sector2","SI",8.50085954139841,19.4521760992444,12.7796789071232,27.5670753440403,0.33107497431022
"1468","sector1","SI",17.1877664204112,13.5503835262275,8.60542818743536,23.3401719927643,1.85862438890928
"1600","sector1","SI",15.2227626515313,16.3412635646068,11.4901158258146,26.3632467764923,3.24549944185278
"9408","sector2","SI",0.120338904671371,12.0275444583411,9.06947618768193,23.9941725435793,0.188654057082095
"32851","sector1","NO",2.13842204306275,15.7526223938177,30.6099922032625,24.7034906294465,2.52359851542419
"18914","sector2","SI",5.21271314006299,14.6648801215521,9.18403790091043,41.3765671014709,1.94039539872822
"30154","sector1","NO",12.3254103116215,14.8403985191754,27.7042308537672,29.1594461363623,2.54114580261265
"29622","sector1","NO",15.6304091579261,18.2426996822761,33.0053397415402,25.6257721174942,3.81225767859704
"20903","sector2","NO",5.98354619462043,12.4445977387662,25.1167831272787,20.4683128177537,-2.89033654901223
"28046","sector2","SI",7.13280697317469,14.3092879898701,10.9609320494457,24.3850726765066,-1.89239637106819
"12840","sector2","NO",3.25956790242344,10.9706998088891,19.5784069160735,22.5319962797202,-0.6724082428772
"22373","sector2","NO",2.88474952802062,11.2227627910806,23.2797058313773,24.4287548797197,-1.18210681323692
"13334","sector2","NO",3.80607489931977,11.671963196936,22.8259620903875,27.6346107226487,-0.725705218312824
"866","sector2","NO",0.929679728477395,14.3877767611643,26.764576277145,23.0509802433351,-0.854189702914047
"15439","sector2","SI",3.12413526233286,12.7909850243129,10.4002985106466,28.4186945913533,-0.793989971892657
"25716","sector3","SI",0.0214981473982334,10.9031311416188,6.83597705129769,27.5064829037753,3.38906554949158
"33425","sector3","NO",2.29944535065442,11.9006550858066,23.5930722186231,26.724944853678,1.69861539720011
"7608","sector3","NO",16.0284778653624,13.355933749955,23.528479738723,31.7701627081208,2.15426551326338
"15196","sector1","SI",0.919232999413917,15.8033903596779,11.7401180154988,24.9012865220722,3.11963376457374
"19200","sector2","NO",1.46550536155701,18.8833089991603,33.7907647740191,25.6163844035832,-1.01194202221353
"27220","sector3","NO",4.08851847983897,14.7813429710881,28.3166900757602,20.69727692912,1.82328547676437
"7457","sector3","NO",8.19166784132731,15.621178330444,29.0114569545658,25.678298698481,3.34608653272169
"758","sector2","NO",3.70210415218025,11.4115148029991,23.3691428270363,38.0288809357955,2.36143084484175
"17528","sector1","NO",13.1178039587559,20.0053783807203,36.5120340657138,18.5353428688775,0.538408523199698
"3010","sector3","SI",24.6965366775606,12.0631903552365,10.0781319207424,25.9304629531883,1.444291975864
"27756","sector1","NO",2.30142136873945,14.3897608041701,27.5866464435522,25.1737288678039,2.35069776496506
"29736","sector3","NO",10.4685715740086,13.2659414166895,25.6990968237083,32.2157187886183,5.0854971241542
"8288","sector1","SI",0.311937173828483,13.6572129188822,8.32141171146771,23.3325750700705,-0.0285781428463512
"25390","sector2","NO",1.18147850502282,17.8185084604484,32.116571595872,25.7910672283234,-0.585656047681949
"8824","sector3","NO",1.18404736742377,16.1872119014527,29.0372952303559,24.6098861729732,2.06715435693602
"11092","sector2","NO",7.9524220104447,12.6305812963657,23.9664891352169,39.8758663790191,2.97851307000635
"31422","sector1","NO",14.1411096966805,14.0769928387451,27.2737368782175,25.0852985877136,2.00453752949303
"12312","sector2","NO",4.7894939687103,12.7810475893039,23.9150091797876,25.951958367389,-0.266362272279242
"12769","sector3","NO",10.1985263540865,16.732458533403,29.4647715017469,30.9427419670006,3.65466945775671
"27621","sector3","SI",0.446365494281054,16.4195301050137,10.5935477320489,23.4364779600093,1.51483132065163
"34102","sector3","SI",7.73220768156362,10.2721091825236,8.90797217881635,29.3099784405963,2.19570988203328
"12923","sector2","NO",8.1087043855989,13.7836915374955,26.851042698749,28.6633817515412,-0.21247937134921
"1047","sector2","NO",9.77787010329676,9.14479537414043,18.3420619582291,23.9393049602473,-1.10330541391676
"31602","sector3","SI",6.21373939793557,15.2051573329658,10.0115632466057,39.420554775023,5.49165132904054
"28432","sector3","NO",1.97074799332768,10.2928264541062,20.6055411872651,38.7827555311749,4.45044273835911
"11816","sector2","NO",19.8094518846812,13.568554539624,23.7775039938927,23.1026371826566,-0.671467573558404
"699","sector3","SI",6.43334660940659,10.9437146087262,8.27363911467195,23.8848227734798,3.434753525984
"7954","sector1","SI",2.3657355690375,15.6826501941757,10.3321516234919,28.9173185791587,4.54966079005184
"10740","sector3","NO",9.47473046337088,9.86586611709384,19.4971719929124,33.1998296963931,3.25850773070625
"18383","sector2","NO",22.0842521438811,16.8906283044721,30.9272486902926,35.3032030412151,-0.751918784083625
"30867","sector2","SI",0.511605562642217,10.5541453149345,10.137793514002,26.848697105544,0.144977165048671
"18970","sector3","NO",31.7281642539387,14.4255284123968,27.3508237799904,23.8663657856324,1.70792850772723
"5828","sector3","NO",1.45351995714009,14.8145922488507,28.0260699210929,29.4079300221958,2.92107206560612
"29530","sector1","NO",3.69278078898787,12.1755417027047,24.466133205949,33.4225950331267,3.8565978801641
"28502","sector3","NO",4.35881101060659,15.101339650134,27.7240497043209,27.7078262109585,3.03231738028405
"34675","sector3","NO",8.88417819472861,19.5609123510532,33.6344540521359,36.7678510315046,4.63502215998179
"20522","sector1","NO",6.07114388141781,8.28856266610886,19.7309361474777,28.0660548962431,1.69883855146036
"25649","sector3","NO",0.29027392910224,14.6913053384607,26.9220480077865,34.365256788993,3.59499553370394
"27013","sector1","NO",10.6980395499141,16.3818878533975,27.3678620467596,23.9262106691773,0.681308973822727
"27036","sector1","NO",20.1251021205428,11.4415984488884,21.4841234880533,27.8479633317768,3.25490911372476
"167","sector3","SI",0.695088973177065,14.4047486980804,7.73507989653617,26.8866555347642,2.6979767284551
"15932","sector3","NO",1.83250658679754,13.3650107225138,24.2722356016849,42.7106600818638,6.97105288850403
"17192","sector1","NO",5.81742623820901,15.4578104428135,27.9302874319061,29.0440970179722,1.98552711922081
"9311","sector3","SI",5.71036288049072,18.1544823467255,12.089888550564,24.6683392218696,2.4624854138894
"1462","sector1","NO",6.0802502346843,13.0706421624344,26.046209841926,33.5931685866026,3.05130559730222
"22727","sector3","NO",14.446885100657,16.1403501459549,29.4461048478359,30.1026952247322,1.97321882902851
"25659","sector1","NO",1.11184328328818,15.3302676368423,28.8094281809369,25.0441900272724,2.37542540737221
"23883","sector3","NO",4.89508305676281,16.2204071579589,29.1907989014184,31.5969282392239,3.21702077564878
"12900","sector2","NO",2.03236364293844,13.0459889952595,25.8542777164088,25.0062238728837,-1.89295300642087
"16282","sector2","NO",17.5543131514975,13.9530739753334,27.3738885712107,26.3710903839122,-2.19881470136233
"27160","sector1","NO",2.42421326227486,12.2733829936617,22.5902637017607,28.2236371651281,2.02573781631542
"28720","sector3","NO",13.1939451857926,12.9072389761855,23.248417862451,22.9387611148732,2.55833949936361
"26607","sector1","SI",4.47643623687327,16.5115872179128,9.07698521779554,23.6262950902005,2.80088362408401
"27038","sector3","SI",19.0368522136452,15.7837197416073,9.22313949678746,25.586022761389,1.83456233568619
"18532","sector3","NO",4.02014311778605,17.4787807495727,31.4351934501011,32.2162138183983,4.86983937363694
"14176","sector3","SI",3.60600909683853,14.2177584132479,10.9007623570855,24.6148116208026,1.57435550744908
"17740","sector3","NO",3.35964056197554,13.7778957373121,25.0963419995937,28.9624893058781,1.83598424138921
"11820","sector2","NO",41.9987369122173,14.6384595450627,28.4059319730067,25.8372158759414,0.378221506597868
"15391","sector2","NO",0.42337315617809,11.4816832175868,22.5313621414472,33.3944235215784,1.68771089159204
"10278","sector3","SI",0.319569217972457,9.52192710894151,7.5559950128779,26.7434772776622,3.13501590188487
"28814","sector3","SI",2.05322430342046,12.0000757473109,9.60808887875521,21.1168991161337,1.87149141791405
"4110","sector3","NO",10.9708084892588,19.3126682676735,35.1024468562428,19.7892991027383,1.74676247075408
"526","sector3","NO",7.6322278205945,10.679916213929,21.0151887222842,23.1259858258797,3.16165441403304
"16042","sector3","NO",4.59766620770097,13.3437259320252,24.2810895677882,38.6614584093501,5.52825379005599
"19823","sector2","NO",4.77642680052668,17.6224697403112,30.2341592591826,28.9245501291438,0.589864057269272
"32485","sector1","SI",2.29980330914259,15.0103000767997,10.88701729196,25.1883831093245,3.69886288951781
"14682","sector2","NO",11.7275985512407,16.2731057172755,28.6762987267558,30.7040980384387,0.0292151131845219
"29795","sector3","SI",1.46204630844295,15.7376624848727,9.37311038095494,29.9413457654956,4.37464391560353
"9537","sector3","SI",13.0694393902541,17.617800435673,10.6327154172353,24.1835910588891,2.92645927703716
"27493","sector2","NO",11.1149336020918,20.1640947762867,36.4083979477085,27.4664928687308,-0.157414748043452
"20797","sector1","NO",1.64096084475871,13.7609557927489,25.7532371829477,31.5487889830006,4.17209816570018
"33136","sector2","SI",10.1967661078544,10.2977287839956,9.33608170854854,33.1036830587312,1.38742422542986
"19450","sector1","SI",12.3768143258513,14.4289491778839,11.1289354859472,29.4023825234098,5.061976767085
"1606","sector2","NO",49.0510724641779,14.0202891614736,26.2533690921701,32.8264310348006,2.63201389788189
"21541","sector3","NO",5.87850225326314,17.0808980713521,31.4807080604421,22.1224355900614,2.41871952199305
"8579","sector3","NO",24.7271419117663,15.5554098115429,27.8940848714584,25.6919518533355,4.02636378416219
"1607","sector1","SI",42.5966917325683,16.0307169339715,11.9933427514773,22.6313758666972,4.60346676163899
"32030","sector3","NO",1.11077046021819,12.2335744934145,23.1839838068508,27.031413315053,4.28377621092275
"6115","sector3","NO",12.2986225779624,15.0887864916632,30.2488747428886,41.6648299720838,4.41494792411559
"19813","sector3","NO",19.2341240487041,18.4648651296559,31.9572414042143,28.236837913007,3.39643124505366
"27953","sector3","NO",4.04024505522102,20.4664454888455,35.4988009371721,19.7489024555592,1.12402144185851
"6078","sector3","SI",1.67691238885499,12.6559767463211,8.83366011785592,30.4776801890013,3.34977435864139
"6765","sector2","NO",0.581440422313947,16.5627219600833,30.8342798017674,27.1271078076166,1.85389081729842
"18075","sector3","SI",1.31011397577822,12.0834877654285,9.03322843531043,22.0348199601984,2.57605538690656
"6976","sector3","NO",2.92754462920129,14.8800684895224,27.0037316713728,28.112591851766,3.95528177383806
"4488","sector1","SI",4.5517718872844,16.7450457540521,10.1251979362044,23.580527129865,2.47526912864431
"7565","sector1","SI",6.4667757274583,12.0227542728454,9.83838274090537,25.2078946624411,2.87793456531633
"28568","sector3","NO",27.5793124163959,11.178197582841,22.4513001355834,25.7663663313226,2.6455774902889
"834","sector1","NO",26.5439004997227,13.6539040761922,26.0175343965592,22.8572422720135,3.38976143601764
"16965","sector2","NO",2.62110734469419,9.52833321474268,17.7020145393618,25.3473778753401,0.806956707820278
"28410","sector3","SI",15.2274652562084,13.6913506449697,11.1581278708904,26.2694858154267,2.48007000147001
"770","sector2","SI",6.65632148514364,12.6603857021762,9.28726542348623,28.5580974468398,0.622732990659487
"654","sector1","NO",6.71073851641268,14.1277541358628,26.5238785093575,34.7799147556303,3.93021671196266
"32092","sector3","NO",31.9486401626799,15.0620471136854,29.4637104169946,29.8898024686151,3.47584853476774
"31058","sector2","NO",14.8778713201583,9.67663639393886,20.4993830300687,26.9429433619467,-1.11400777686874
"21245","sector3","SI",6.23987082391977,14.0360657552157,9.45729723684806,21.0415008122593,2.33756164718696
"11291","sector3","NO",5.6620912021026,10.4278798507425,21.2007949081217,22.1129019428333,3.23588355051344
"20309","sector2","NO",21.1223206654976,11.5980792954344,23.0824691174034,32.6046506897732,0.661819846171423
"14265","sector2","NO",1.44357197452337,19.4591325928243,35.7195642832985,20.4412252632039,-1.29033508628058
"32398","sector3","NO",22.519527912087,12.9780524526296,23.5333242736006,29.2357664406766,4.11496821524202
"22197","sector3","SI",20.4993486396017,14.8896657404933,10.5919223774054,21.173924924979,2.81530319486539
"5137","sector2","NO",9.47611060882819,17.2623288757802,30.6175041145681,24.929696956903,-0.44210321229566
"17685","sector3","SI",0.667368518188596,14.3137407247743,10.3296161823937,27.2530306461835,2.78925586429967
"27668","sector2","SI",2.2098957747221,14.3135137497314,10.2316183648155,34.7626553224515,0.931035719576584
"12320","sector3","SI",10.8742266796054,10.7492168721505,8.19853093232222,21.863462945025,1.89888058137898
"19390","sector3","NO",0.335195024170012,16.1520369419494,29.8435686156659,25.923958262739,2.20589937457843
"28788","sector3","NO",1.92696852457264,16.251577414808,28.0192128130978,27.7637438064036,2.91015937252293
"7924","sector3","NO",11.7778119254382,10.6129338741265,20.8248123013173,25.3993069096889,2.61026659478469
"9489","sector2","NO",3.58065645210445,13.8970827671087,25.9181240881436,21.3425783478793,-0.91857294766707
"33730","sector1","NO",4.44628080966145,11.9808232654118,21.7464334814044,31.8253252460523,4.38456510533767
"6347","sector1","NO",1.29132351372391,11.0531264025604,21.6331038529183,25.1775857519853,2.52242234240363
"17215","sector3","NO",7.74239864158344,11.8955847515747,22.2271966373667,23.7866041087308,3.57982105942594
"23863","sector3","NO",0.908908366856259,15.3426760487757,27.693495169643,23.2323510076377,2.37669972294641
"3167","sector3","NO",39.1859154940999,12.666967129133,24.2208882548348,27.9653878691293,2.29635458934066
"8278","sector3","SI",9.25802584154592,12.6245236381761,9.4817233540885,28.2293806232302,5.16197001307729
"14390","sector1","NO",15.9528675130449,14.2669717707428,26.152854453811,25.2997028741724,2.27372282343752
"2787","sector2","SI",11.3041815036892,10.2110156397929,7.99409931358952,25.8225554114531,-0.92497501623975
"20157","sector2","NO",9.78457232522841,12.3390442585659,21.6604604098131,34.1128328163553,1.59484630823771
"28521","sector2","SI",1.36750921607018,13.33828515342,10.1705694950547,21.0153923630798,-2.19645753487993
"28310","sector2","SI",5.86370987817645,16.3293860007933,10.0980036342589,33.9075379072789,0.330765060208274
"6876","sector1","NO",2.86700453609228,15.3772011971782,27.5957580544979,26.3281410197213,2.76604775667333
"8983","sector1","SI",20.8207850650007,15.3181559976929,10.3042661999991,23.6104709228703,-0.634735471935781
"9830","sector2","NO",7.71317490062072,9.11642008250553,17.6628988321472,23.035515468151,0.0574623059239874
"26235","sector1","SI",13.1979920897157,16.9701448244016,11.0605225169089,29.4172172108005,3.47659431391862
"25007","sector2","SI",16.6569728023353,12.1141085506564,9.91393503105272,29.278553588483,0.0590943449098983
"2534","sector2","SI",3.29288244713098,15.9415872665712,10.0460951549819,25.2643011516795,0.39128429698137
"3986","sector1","NO",8.54412208166812,11.5420179911036,22.0579211094216,27.4706440604175,3.2618452400743
"14763","sector3","NO",0.77474758203522,15.6071606472859,28.1428185780265,31.0618662706623,3.68226022348431
"9520","sector1","NO",4.60380500182509,9.78619914919023,19.9059150908267,36.293083818378,5.24345010555927
"32992","sector2","NO",10.4882129650087,16.9231898723719,29.0382190847451,30.2247071712586,0.647541366238312
"6556","sector2","NO",22.0989824645045,12.3020665768684,23.6659396100868,21.3401609932882,-1.20561388944517
"2039","sector2","NO",5.33405390568078,14.2769051947788,25.5988021624593,25.7952206302946,-1.79463563240196
"1751","sector3","NO",39.8568495155728,8.93153647834207,17.2389744054146,21.7930254213207,1.15834609871564
"71","sector3","NO",42.1040974904723,13.6618614490828,26.3091497039684,35.610576417917,3.9172232185557
"5808","sector3","NO",3.6918327678733,14.9578066723512,25.4069393013652,26.8512023510787,3.06071105505703
"26188","sector3","NO",4.13114160299301,16.81076439714,29.0545685592665,22.3845498796049,3.77661410343917
"31415","sector3","NO",0.497712222859263,11.8623547597097,24.1186512476371,25.7228209760565,1.7949764037641
"18106","sector3","NO",13.1848199102552,13.2665414434116,25.5105766032863,35.7598740577308,3.18221934026966
"25891","sector2","NO",4.14403372444212,13.5188742874338,24.3221513571507,34.7331184174302,0.82646844083475
"26378","sector3","SI",21.2183927517721,16.5261950846729,11.4068523606292,25.8068018870769,1.02020173712985
"12698","sector2","NO",1.44980531185865,13.4763911255171,25.0605299225029,27.0008696885601,-2.20675228366612
"29994","sector1","NO",8.15117324660432,16.2788130981511,29.5990025933923,28.139993507431,3.38061377945006
"1358","sector1","NO",1.20226199738681,11.3103391690211,21.8522741146147,42.4421317079204,5.94743246750163
"16756","sector1","NO",4.69022150089561,15.0990015194263,27.067896585518,32.8832295424646,4.47370767929504
"7504","sector2","NO",22.970006802418,9.6606305619998,18.9059644523207,29.4910890648882,-0.0104365231011583
"34084","sector1","NO",7.28522167499078,13.7483761531331,26.1720811112256,30.7906352257226,3.20806926709043
"14664","sector2","NO",1.25142440665513,9.82965124331538,22.0821634386615,25.3944748088805,-0.753185911448814
"24864","sector2","SI",14.1999588698636,13.2729256743866,10.6517018425416,33.8085817241338,1.15026994011424
"7235","sector3","SI",9.57381596746755,15.4195347055877,10.4260328585005,29.2639604186728,4.19530840480656
"1219","sector3","NO",5.50181440543383,15.0454386038052,26.4344506764811,26.4837874344119,3.30799694257926
"11012","sector2","NO",5.31433476600796,13.5178022629556,24.5821372832621,32.2024097121179,1.94167658885841
"11340","sector1","SI",14.8406149113138,12.9722861196799,8.22160242538254,55.7103010574313,8.42727047931402
"14044","sector1","NO",1.23947727699335,12.971980070046,25.2437308015631,27.3228712445359,2.8422546535481
"33028","sector2","NO",1.59803092945367,15.624149250354,28.1110470997871,24.6611152657159,-0.185184848455873
"16263","sector3","SI",14.6088349624517,13.8460755713161,10.4794031837777,24.9405879257727,3.7547412072726
"8137","sector2","SI",9.86875845077348,12.7635222195752,8.63996662680404,21.9985997983257,-1.12635089426009
"20840","sector2","NO",0.382675821892917,12.9258629271861,25.4364668611351,31.6263058602356,0.696301337840687
"23518","sector2","NO",9.07987398666266,14.4013167676667,25.9588216982929,33.3930779139041,0.312942930722982
"14397","sector1","NO",0.582372587296587,14.3681788479535,25.0658414182116,26.5447953635436,0.813043503323195
"2142","sector1","SI",5.59814965818077,16.7242158923308,11.7438460123979,22.9256047972472,1.8784848070021
"31662","sector1","NO",12.4065407640756,10.477028714112,21.6405653687016,26.800790744618,4.14101751212339
"19969","sector1","SI",19.3886435671344,17.1740932976439,9.53108044985254,23.4848793691951,2.68150409208237
"2833","sector1","NO",16.1860110788586,11.8555365725046,23.7273084235887,28.4839958901536,1.50522276149499
"24949","sector2","SI",4.832859095186,12.7566532177961,9.11940835590312,29.8674782519199,3.12203598369996
"666","sector3","NO",43.0449341584869,14.9588958090238,28.9079625562853,24.8601465932603,2.9736637652761
"29330","sector3","SI",9.78648276476038,8.68926465276328,6.61744927804299,22.3819944580577,1.22691732978729
"32055","sector2","NO",7.65675509306503,14.0565177745224,24.5443184533239,31.2275364835918,0.711265892216438
"20656","sector3","SI",12.020524371044,13.6939499414013,9.85972529565607,23.9603288646649,3.3171215449657
"1028","sector1","NO",7.73894556756032,10.0542084032175,17.7750927159013,24.227206324978,1.71046151174308
"22646","sector2","SI",0.342936317054296,12.1524230074637,7.94146037419961,37.0404233792109,1.88852823402255
"29450","sector1","NO",5.54674972780049,11.9929085434638,22.2528412895923,37.2723866038952,4.65499522404347
"21734","sector3","NO",13.4836450960012,13.9799308099199,23.6783113742876,24.1851448173674,-0.0812399184248997
"30324","sector1","SI",5.14515953138471,13.6392476370483,9.93425218502833,32.7288278454988,6.50522196414654
"23723","sector3","SI",3.83868015836924,15.5518828328984,11.7609402188079,27.1864208170025,2.15073528004033
"4129","sector3","NO",4.40503731369972,13.8866130602014,25.5078081370795,31.9769280526439,5.71580432867367
"7435","sector1","SI",29.2421070469503,16.6296576307487,8.47287623298019,31.0176663481137,4.08861075450231
"13545","sector3","SI",14.9734733990374,13.4314314015021,9.85163636096621,27.6775718218738,2.56504835410395
"19131","sector3","NO",11.1357017013214,15.2222731781817,26.850618421581,34.9953795901341,5.65806690448581
"32956","sector2","NO",1.49909463245422,10.9751667097141,21.5315977008255,22.38565983634,0.250859269779259
"17510","sector3","SI",10.129603864205,13.8752042114619,7.81509967994526,36.8579439639718,4.88974352249623
"8361","sector3","NO",0.586142400279641,14.3129815159361,27.0635770244518,21.770610040341,2.12903046590133
"19468","sector3","NO",13.5186791602047,18.4766447653195,33.9280870419002,23.5843423777527,1.19356032765825
"15779","sector1","SI",2.38028760068119,19.827364417419,12.2278187500792,25.6418041368332,0.901744138190858
"6727","sector3","NO",4.33277982287109,16.6626808379754,30.5237099731629,23.0501261821169,1.59497717171266
"12293","sector1","SI",1.92500297911465,15.9109535127938,11.0539501865539,26.2079980923158,1.18619346029021
"19966","sector3","NO",0.0713601149618626,15.8300786796478,29.168943551892,25.2016294628744,3.37936900597493
"32508","sector1","SI",10.7631934895636,18.9020271187577,8.68624845137048,33.8148141222326,4.3337160892702
"4390","sector1","SI",9.01664171325874,13.2783359070967,9.47254295449688,23.252633451514,2.17272213162293
"5384","sector1","NO",25.7353956425998,10.7239040098008,19.91961809598,25.8654531562768,4.20021269965339
"15851","sector1","NO",17.9540763414445,21.1592612064985,34.9834931738961,24.4646019038846,3.67369623237489
"3371","sector1","NO",5.97158363088965,10.9225367431848,21.8701545527061,30.5293906421836,2.65966255334565
"3063","sector2","NO",0.988111756108305,14.2590542836046,26.4469283615412,27.481683255631,2.74546551836342
"1828","sector1","SI",3.35316936050358,11.6917699059429,7.9210418147828,25.6760938268443,2.18089904539391
"29597","sector3","NO",9.61598649579001,12.0774823943459,21.5481530438344,20.0064961861962,1.59933912039794
"19565","sector3","SI",8.08090966152859,16.6456993281067,11.1108413794392,25.8216514480325,2.16285200297845
"3309","sector2","NO",15.550874955112,20.1344129348753,35.1129583297393,29.224299796689,0.299976503886647
"19329","sector3","SI",2.55762697070306,11.0757718540089,8.41716856449369,26.2568324279228,2.40684815979444
"5505","sector2","SI",4.71909631043673,11.9187361361407,9.46897321506728,26.1187803481521,0.171569430563111
"11091","sector1","NO",5.2638486539945,10.8766234174026,22.3755147765913,28.2413147917528,3.37275054702444
"10272","sector3","NO",6.13122095819563,16.4934142412666,29.2638411133114,44.8212793447203,6.52924235419065
"6360","sector3","SI",13.3147505387188,15.586755721083,10.7149512335687,24.8530839992861,0.930745983175833
"25844","sector1","SI",7.97613707329047,18.4618097546961,11.983733307821,24.6818467245881,2.99093390987944
"816","sector3","NO",8.79958843770337,11.7055080202401,23.6359223741003,23.6269604801795,1.98227992595389
"1858","sector3","NO",20.8482484706639,15.7342878288232,29.5595328143433,22.6705851482318,0.559609530938466
"29838","sector3","SI",9.16835251222265,16.5635371309649,10.6338713920374,20.0663842719242,2.72134679713203
"6029","sector3","SI",4.69625842291862,15.0960143897316,9.86614816667252,27.3391072210992,4.34395821768979
"31494","sector2","NO",4.1381578007713,15.48541831365,26.8373075232916,22.4437527782781,-2.50724312471385
"8692","sector3","NO",0.303265197440005,13.0415973048857,24.9111017128509,20.9238499966424,2.02709878954893
"15937","sector2","SI",8.40115975989887,10.8928454917424,8.75584505018666,21.5984012155173,-1.93998480705808
"23018","sector1","SI",17.5565067910142,14.4445375253531,10.2546830859194,18.6993689919235,2.17459744148348
"16382","sector2","NO",8.09155541129041,11.2336648855971,21.1501524131998,24.6722943993474,-1.2901243894912
"30114","sector2","NO",2.52566102426499,13.2374430978147,24.8199534141252,27.4240626238941,-0.464026505536167
"10433","sector3","SI",19.0832745089176,10.4380886632159,7.72191103130022,25.7024371611826,4.7588417168236
"26987","sector3","NO",1.40492720264332,14.0241166813287,24.1594785894022,41.2604328053708,5.69483256385633
"4396","sector3","NO",2.8392847129542,17.9932718834772,31.559270057804,21.4504354556323,1.4224209623548
"21705","sector3","NO",3.96457737320961,13.9714604294329,24.596345698118,42.616791357991,7.05831464941175
"33376","sector2","NO",5.55740388575941,10.1190759672108,20.5547176104181,34.9008177815003,0.0858340577361936
"23727","sector3","NO",8.74615820082736,13.4157648033306,25.8986218675695,29.6672721520484,5.4920228991913
"14217","sector1","NO",19.4038296482506,14.8443074687456,25.171996733377,24.3701904037278,2.33395710224721
"15571","sector1","SI",22.7091980242001,13.8100380055629,10.1590215584928,32.2403968471008,3.75079561249481
"32985","sector3","NO",6.20047971606255,13.9750640521702,26.9119504504043,23.6770438264881,4.51631594925424
"19464","sector2","NO",0.83996350972323,10.7825878919106,22.9245295236183,25.9424287544162,-1.00747812461453
"14047","sector2","SI",8.10135267632914,12.4943102402569,8.44255296727613,23.0140305993595,0.181333613143485
"13473","sector2","NO",3.02571713494833,11.5883688258476,22.6326622785876,29.0401423883576,0.174009234646662
"26211","sector3","NO",18.2654296039584,10.2471077867853,20.6193980800028,26.4878146690674,3.29995948114854
"31694","sector3","NO",0.555773195810616,17.3658742129044,31.3265024900827,30.537824922799,4.81793231221493
"4993","sector3","NO",24.6225523744189,14.856927230842,25.8997049638728,28.1102519153956,4.31308502951349
"12692","sector2","SI",9.92047999943507,12.3835298331955,7.95852955964935,25.1099027950086,-1.42089019155584
"15822","sector2","SI",0.671667362900533,16.4110198922242,10.5896564797923,22.2279461461648,-0.212683159604199
"5094","sector3","NO",22.3740209440205,10.8243349454703,22.152090999687,18.529741115308,1.48623858597851
"28314","sector3","NO",6.16459841839969,13.3751193762793,25.5848233066352,26.5701381003867,2.77358710501061
"14706","sector1","SI",2.45241930708289,15.1725288369141,9.56923198248637,24.2434892374768,1.53291661681968
"9596","sector3","SI",3.7764364015311,12.9476590546725,9.81842046831732,22.4268582158159,3.30545827528254
"6406","sector1","NO",30.3278852982407,17.4361392533613,31.2275805295229,29.7962062802965,4.21380739919398
"25715","sector3","NO",10.1888402267815,10.9653366016962,22.3343409587888,25.447734229734,4.10442787181302
"22342","sector3","NO",22.4444078082655,17.1306811090805,29.996982213809,31.81459095657,2.60696918735893
"25543","sector3","NO",23.2740861449428,11.9710317096969,21.5755438356371,24.5595600505611,2.15137628513582
"31336","sector3","NO",2.54703269941825,15.0641106676197,27.9244716524796,23.7268821720686,2.58434518951069
"14285","sector2","NO",12.2626490141721,15.805452076138,29.4684737641272,24.1490866683311,-1.38824279298236
"5051","sector2","NO",13.5265113222868,14.2628339203776,26.3528515655682,24.8868245316362,-0.570981273181192
